{
  "id": "scatter-terrain",
  "title": "Scatter Terrain",
  "description": "",
  "version": "1.0.0",
  "library": "false",
  "manifestPlusVersion": "1.0.0",
  "compatibility": {
    "minimum": 10,
    "verified": 10,
    "maximum": 11
  },
  "authors": [
    {
      "name": "DastardlyD&D",
      "url": "https://www.patreon.com/DastardlyDnD",
      "discord": "dastardlydee"
    }
  ],
  "relationships": {
    "systems": [],
    "requires": []
  },
  "esmodules": [
    "scripts/module.js"
  ],
  "url": "https://github.com/DastardlyDnD/scatter-terrain",
  "manifest": "https://github.com/DastardlyDnD/scatter-terrain/releases/latest/download/module.json",
  "download": "https://github.com/DastardlyDnD/scatter-terrain/releases/download/1.0.0/scatter-terrain.zip",
  "license": "LICENSE",
  "readme": "README.md",
  "media": [
    {
      "type": "icon",
      "url": "https://avatars2.githubusercontent.com/u/71292812?s=400&u=ccdb4eeb7abf551ca8f314e5a9bfd0479a4d3d41&v=4"
    }
  ]
}
